DayOfYear,DetailedQA,EVI,NDVI,RelativeAzimuth,SolarZenith,SummaryQA,ViewZenith,sur_refl_b01,sur_refl_b02,sur_refl_b03,sur_refl_b07
35,2116,1626,2988,-3024,3461,0,117,1220,2234,519,2650
35,2116,1489,3511,15990,3278,0,764,766,1592,309,1293
45,2116,946,1838,15587,3417,0,915,1277,1849,582,2172
40,2116,2421,4382,13442,3424,0,397,909,2327,416,1893
37,2185,1016,1670,6121,3525,1,1188,2400,3357,553,4688
35,2116,1190,2452,13626,3232,0,1194,1151,1886,411,2009
35,2116,2689,4674,16083,3286,0,1125,947,2596,387,1744
35,2116,1648,2838,16020,3108,0,2547,1418,2538,539,2553
42,2116,892,1564,5741,3536,0,956,1666,2282,673,2435
33,2120,1606,3106,2380,3270,1,1691,1113,2107,449,2037
35,2116,1529,2811,-486,3410,0,157,1226,2170,542,2448
35,2116,2852,4962,15827,3321,0,723,904,2668,343,1864
35,2116,1861,3406,-1865,3478,0,734,1096,2197,516,2345
42,2062,2147,3340,9530,3163,3,3929,1374,2620,894,2065
33,2185,1229,2739,15006,3495,1,550,927,1625,396,1629
40,2185,1401,3189,14750,3344,1,995,838,1616,365,1720
42,2185,976,1229,1068,3602,1,1641,2730,3492,1377,3910
35,2116,2030,3645,15902,2917,0,3903,1165,2450,460,2095
37,2116,1248,2214,6587,3421,0,1284,1617,2534,511,3207
33,2185,1217,2722,15682,3510,1,604,908,1582,425,1600
33,2120,1471,3427,15528,2890,1,4689,783,1600,322,1625
35,2116,1166,2083,5694,3524,0,829,1590,2430,541,2880
37,2116,981,1524,1463,3612,0,2399,2120,2882,829,3604
47,2185,1507,2994,12689,3217,1,2737,1042,1920,482,1611
42,2116,2310,3723,11687,3220,0,1567,1120,2442,645,1827
35,2116,1202,1841,15502,3424,0,333,1909,2766,845,2922
40,2185,470,963,7586,3476,1,832,1284,1560,624,1356
35,2116,1364,2822,9877,3528,0,852,1034,1844,429,2503
35,2116,1309,2264,15967,3167,0,2185,1402,2219,671,2731
44,4233,2758,3904,-1396,3612,1,2865,1555,3511,613,2260
35,2116,1826,3361,-1270,3505,0,479,1158,2311,449,2462
42,2116,735,1056,-1965,3515,0,868,2541,3143,1068,3265
47,2185,1699,2660,10908,3416,1,812,1460,2505,741,2111
42,2116,1148,2315,3195,3520,0,933,1418,2271,296,3170
35,2116,4448,7903,-2063,3493,0,693,314,2681,173,526
35,2116,4496,6527,-2022,3572,0,1730,733,3485,341,1480
35,2116,749,1358,1987,3578,0,412,1627,2139,648,2206
40,2116,2222,3899,16815,3364,0,188,1029,2334,505,2025
47,2185,537,818,3614,3415,1,808,1996,2373,1000,2239
40,2185,919,1331,-591,3538,1,1089,2380,3110,999,3982
39,3098,3291,4504,5777,3409,3,3277,1362,3281,1134,1439
44,2116,1531,2946,13417,2932,0,4296,1250,2270,422,2475
33,2116,3277,5880,2441,3303,0,970,642,2465,318,1550
42,2185,1444,2222,16153,3276,1,1193,1831,2874,768,3287
33,2116,1723,3386,15041,3594,0,377,978,1974,451,1786
42,2116,1243,2179,15993,3227,0,1624,1548,2409,583,3066
47,2185,905,1306,16191,3096,1,2483,2081,2706,1058,3192
33,2120,1442,2482,15445,2865,1,4917,1466,2427,603,2884
42,2116,1300,2598,8581,3540,0,1082,1247,2119,378,2491
42,2185,2811,4561,34,3540,1,1492,1061,2820,476,2392
42,2185,1241,2193,10557,3493,1,1082,1601,2483,572,3121
33,2116,3390,6166,15548,3348,0,1289,594,2492,270,1219
42,2257,1431,2291,13068,3250,1,2556,1837,2921,669,3295
47,2116,1049,1806,-2053,3539,0,617,1715,2466,646,3663
33,2189,1232,1862,9016,3179,1,4232,2213,3197,868,3278
35,2116,4714,6774,-2003,3568,0,1694,683,3549,324,1368
33,2116,2710,5120,12626,3346,0,1490,762,2341,314,1536
33,2189,2700,5438,15537,2720,1,5427,624,2116,272,1229
35,2116,1055,1600,-2302,3590,0,656,2198,3034,857,3661
37,2116,1110,1950,3229,3538,0,1058,1956,2900,447,3880
44,2116,1254,1872,673,3553,0,3341,2549,3710,775,4162
35,2116,1980,3400,8081,3395,0,104,1198,2416,545,2212
42,2185,1385,2442,5235,3471,1,720,1519,2490,535,3140
44,2185,1448,2327,12907,2972,1,4826,1727,2765,685,3042
47,2116,1649,3076,-425,3498,0,331,1152,2163,493,2159
33,2450,1965,3158,14826,2900,3,4034,1456,2728,766,2702
42,2116,1233,1938,16002,3215,0,1865,1946,2881,746,3559
37,2116,2021,3353,6033,3121,0,2581,1238,2429,668,2383
35,2116,1806,3251,15684,2895,0,4289,1136,2224,527,1996
37,2116,3890,7130,7184,2922,0,4045,424,2518,214,692
35,2116,1005,1672,13428,3411,0,1277,1790,2508,718,2977
40,2116,2866,5240,16043,3361,0,202,731,2333,365,1431
47,2116,895,1201,3204,3488,0,1049,2650,3372,1211,4108
42,2116,1251,1859,15277,3270,0,1610,1783,2596,938,3011
33,2189,2245,3697,11862,2886,1,4493,1142,2422,645,2101
35,2116,5202,8029,15613,3381,0,670,358,3274,188,629
40,2116,1893,3528,-1911,3475,0,270,1051,2181,472,2216
35,2116,3820,5579,-1801,3573,0,1865,909,3194,484,1831
35,2116,2131,3570,15938,2818,0,4418,1284,2682,520,2373
45,2116,1078,2537,13801,3301,0,1719,893,1497,381,1525
35,2116,1648,2563,15234,3173,0,2533,1680,2835,717,2962
40,2116,4219,7856,10033,3356,0,1213,296,2467,190,586
35,2116,1622,2942,16768,3354,0,216,1298,2357,494,2705
40,2185,3845,6326,566,3359,1,928,634,2814,328,1284
35,2116,1851,3309,-2163,3544,0,692,1209,2380,503,2411
35,4164,1611,2530,15982,3111,0,1999,1819,2862,965,1951
35,2116,2184,4232,16046,3183,0,1891,902,2228,329,1680
42,2189,3298,5107,250,3662,1,2982,1026,3147,426,2027
40,2185,2862,5005,-1551,3432,1,406,856,2568,365,1846
35,2116,2161,3723,15911,3339,0,752,1186,2558,490,2485
35,2116,2466,4299,16091,3054,0,2928,1009,2502,443,1771
40,2116,2173,3967,-1448,3447,0,305,981,2286,423,1955
35,2116,1598,2999,-1846,3474,0,958,1157,2095,561,2399
45,2116,923,1407,15643,3290,0,1772,1990,2639,930,3090
42,2116,1348,1930,11492,3338,0,1363,1905,2813,986,3065
35,2116,928,1645,14291,3401,0,1437,1896,2641,525,3290
45,2185,478,1082,15608,3232,1,2455,1084,1347,549,1191
47,2116,679,1082,-1713,3531,0,920,1834,2287,918,2461
33,2120,1083,1580,974,3536,0,2133,2444,3360,921,3850
35,6281,1187,3370,2854,3557,1,2114,366,929,281,158
33,2120,1227,2117,13512,2959,1,4777,1655,2508,628,2743
33,2116,1290,2762,15748,3440,0,750,972,1708,439,1753
33,2189,3138,5632,15529,2767,1,5115,702,2472,362,1151
35,2116,1084,2009,8350,3439,0,968,1505,2260,521,2621
35,2185,3681,6402,16070,3197,1,1575,600,2672,278,1071
35,2116,861,1227,2172,3543,0,396,2765,3539,1021,4173
47,2185,544,1071,1107,3488,1,861,1369,1697,645,1476
40,2116,2737,4843,4024,3403,0,612,854,2452,396,1607
42,2116,1950,2954,15489,3232,0,1651,1486,2730,762,2336
35,2116,1294,2102,15492,3425,0,688,1724,2640,703,2914
47,2116,1000,1462,-1001,3499,0,415,2390,3208,945,3865
42,2116,1441,2568,7064,3561,0,816,1421,2378,563,3152
35,2116,1692,3203,-1770,3505,0,387,1115,2154,463,2162
42,2116,5254,8248,11140,3423,0,626,323,3297,157,634
45,2116,1184,2761,15592,3404,0,940,884,1553,363,1828
44,2116,1537,2406,-1351,3677,0,3441,1890,3083,664,3307
39,3098,3211,5628,10673,3134,3,3507,952,2835,691,1161
35,2116,671,1388,-1142,3529,0,105,1374,1814,492,1929
35,2116,3210,4854,-756,3545,0,1649,1049,3009,529,2298
33,2120,1280,1951,4863,3350,1,3718,2340,3452,763,3647
40,2261,1419,2083,8521,3223,1,4020,2158,3274,862,3727
33,2116,2983,5379,13699,3372,0,846,768,2554,297,1498
35,2116,1600,2864,16524,3371,0,277,1253,2258,540,2766
47,2185,1104,1561,15344,3106,1,2718,2501,3423,1008,4102
45,2116,929,1944,15623,3372,0,1089,1191,1759,476,1867
40,2116,2535,4522,13941,3294,0,979,973,2494,417,1720
35,2116,2377,4320,15407,3335,0,1095,991,2475,367,1952
42,2185,1018,1421,2760,3510,1,1251,2499,3321,1081,3732
40,2116,2162,4405,15905,3345,0,742,795,2010,353,1658
35,2116,1841,3116,-2003,3462,0,558,1265,2402,601,2495
40,2116,2417,4315,11973,3419,0,677,945,2394,414,1725
42,2116,1907,3115,15710,3203,0,1797,1230,2338,692,1938
35,2116,752,1508,1436,3517,0,101,1391,1885,510,1922
35,2116,4596,7947,4229,3465,0,1258,321,2790,176,686
33,4309,1302,2858,15319,2721,1,5458,1077,1926,353,1728
33,2120,1578,2940,11758,3222,0,1185,1301,2377,394,2568
40,2185,1191,1958,-2402,3507,1,768,1680,2489,741,3034
35,2376,2007,3360,16192,3005,1,2915,1251,2494,602,2553
42,2185,1134,1707,7846,3454,1,824,2037,2876,882,3427
47,2185,931,1509,2343,3508,1,1303,2025,2742,748,3929
35,2116,1194,2361,15827,3278,0,924,1124,1816,543,2339
33,2120,2096,3975,15864,2741,1,5009,963,2213,397,1934
47,2116,1008,1481,12283,3403,0,157,2462,3317,918,4136
35,2116,4721,7793,229,3506,0,1324,374,2959,201,722
37,2116,1086,1902,6093,3492,0,1170,1998,2936,445,4556
35,2116,993,1648,-164,3560,0,462,1974,2735,726,2966
35,2116,1386,2473,15326,3345,0,459,1291,2129,626,2947
37,2116,1136,2210,709,3560,0,795,1526,2390,340,3279
33,2120,3008,5170,15879,2709,1,5144,847,2641,370,1696
33,2120,1436,2590,15449,2875,1,4875,1350,2288,537,2688
40,2116,2247,3957,-12283,3386,0,39,997,2297,506,1850
35,2116,3735,5819,1501,3493,0,1327,803,3032,395,1736
37,2116,1051,1436,4021,3478,0,1854,2566,3426,1116,3800
37,2116,1126,1900,13994,3349,0,1154,1679,2464,677,2829
42,2116,1127,2243,15653,3408,0,1323,1453,2290,325,3086
35,2116,1620,3067,16014,3180,0,2050,1102,2074,490,2162
44,2185,1261,2057,13208,3019,1,4599,1900,2877,656,3220
35,2116,1384,2659,-909,3462,0,177,1210,2071,494,2698
35,2116,1672,3109,13824,3449,0,152,1265,2332,503,2599
35,2116,2301,4458,16020,3237,0,1425,839,2164,364,1506
35,3098,2835,5157,14083,2949,3,4163,956,2357,857,1074
47,2185,432,879,7588,3473,1,834,1309,1562,645,1297
47,2116,937,1670,1380,3566,0,223,1467,2053,693,1946
40,2116,3068,5672,16139,3348,0,427,636,2306,333,1037
33,2116,3657,6063,5765,3459,0,1943,714,2874,318,1401
40,2185,489,904,12512,3369,1,999,1415,1698,777,1984
45,2116,813,1681,15288,3371,0,1220,1282,1799,481,2089
37,2116,1180,1552,8364,3332,0,2231,2839,3880,1179,4238
37,2116,1270,2486,5012,3507,0,1152,1395,2318,339,2888
35,2118,1917,3297,15194,2842,3,4171,1216,2401,549,2718
35,2116,1579,3063,16143,3179,0,1849,1148,2161,400,2172
33,2120,1322,1981,9498,3175,1,4208,2075,3092,844,3519
35,2116,1121,1808,13552,3433,0,643,2072,2985,675,3597
40,2116,970,1457,9996,3521,0,722,1942,2605,959,2655
40,2185,2562,4751,-1955,3405,1,468,778,2189,410,1488
33,2189,1132,1752,4824,3429,1,2648,2179,3102,778,3435
35,2116,882,1257,8059,3429,0,318,2831,3649,1000,4657
35,2116,2741,4863,-1862,3479,0,649,843,2424,404,1614
35,2116,1244,2051,15814,3440,0,379,1716,2588,704,2687
42,2116,1361,1933,15612,3169,0,2847,2088,3085,970,3430
35,2116,1269,2161,16219,3117,0,2255,1729,2678,518,3120
42,2116,5238,8325,755,3549,0,1848,296,3199,158,660
35,35221,1856,3309,15368,2849,1,4263,1293,2445,619,2407
35,2116,5265,7641,-790,3420,0,170,476,3571,230,884
42,2116,1069,1875,6982,3451,0,898,1596,2329,636,2903
45,2116,1008,2298,15169,3524,0,897,924,1486,422,1466
33,3102,3795,5559,3377,3392,3,3073,1012,3212,689,1462
44,2116,1507,2355,198,3501,0,3116,1799,2896,724,3243
47,2116,809,1434,6377,3413,0,843,1447,1936,751,1995
40,2185,692,1391,8166,3437,1,1251,1258,1662,611,1539
33,2189,2201,4492,15640,2710,1,5368,797,2077,303,1771
47,2116,1485,2250,-2105,3487,0,837,1701,2668,873,2958
37,2116,891,1446,-1274,3658,0,2289,2065,2763,746,2907
33,2189,1915,2920,12200,2990,1,3583,1528,2777,752,2405
35,2116,1324,2447,16199,3184,0,1503,1391,2291,482,2857
40,2116,2043,3705,13534,3289,0,1039,1037,2250,478,2022
35,2116,1938,3792,16008,3313,0,854,978,2166,356,1968
47,2185,1096,1558,16181,3044,1,2852,2172,2975,1027,3425
33,2120,1399,2422,15418,2843,1,5049,1420,2325,622,2668
33,2189,2336,4173,15458,2787,1,5236,955,2290,474,1697
42,2116,1183,2459,15317,3440,0,1386,1163,1907,416,2511
35,2116,2837,4728,6774,3414,0,1161,936,2605,470,2104
35,2116,2296,3332,-2527,3453,0,225,1627,3251,707,2621
35,2116,1220,1998,14232,3419,0,773,1685,2525,724,2904
40,2116,3601,6316,15321,3352,0,848,588,2607,281,1198
42,2116,1216,2270,10179,3373,0,1311,1470,2331,461,3091
33,2189,2058,3829,15373,2783,1,5354,974,2178,452,1924
45,2116,1374,2824,15841,3401,0,764,1039,1844,447,1880
40,2185,997,1355,9553,3301,1,2735,2139,2809,1177,3287
47,2185,1022,2150,9762,3467,1,1802,1180,1824,424,1795
37,2116,1574,3177,9420,3549,0,980,1053,2033,375,2173
35,2185,1409,2621,15978,2999,1,3257,1429,2439,428,2795
37,2185,1260,2326,10603,3501,1,986,1551,2474,452,3198
35,2116,900,1822,11630,3539,0,1165,1289,1861,498,2027
35,2116,1912,3669,16011,3368,0,701,1006,2169,396,1730
45,2185,1135,2130,15166,3358,1,1437,1349,2070,581,2129
45,2116,755,1545,13406,3331,0,1736,1258,1716,551,2019
45,2116,1171,2454,15609,3443,0,840,1030,1700,478,1810
35,2116,1422,2243,15952,3342,0,357,1548,2441,809,3666
40,2116,2337,4699,11395,3338,0,811,789,2094,354,1541
33,2449,2510,4004,14785,2882,1,4412,1121,2557,668,1867
47,2185,647,1083,5685,3451,1,819,1741,2169,828,2070
35,2116,2808,5464,-1578,3525,0,536,653,2204,298,1386
45,2116,841,1495,12599,3374,0,1900,1585,2140,689,2374
35,2116,1617,3129,15899,3330,0,936,1144,2174,407,2684
40,2116,860,1200,4462,3446,0,858,2385,3027,1143,3473
40,2116,784,1629,13885,3462,0,979,1169,1623,556,1562
35,2116,2494,5039,16066,3261,0,1386,708,2114,299,1394
35,2185,580,1115,-84,3554,1,325,1542,1927,613,1854
33,2120,1343,1900,7684,3329,1,3040,1980,2895,1023,2838
35,2116,1048,1941,13628,3422,0,1310,1611,2384,478,3012
35,2116,1114,1783,16313,3483,0,166,2081,2970,725,3128
47,2185,1073,2073,9561,3525,1,1592,1303,1979,547,1833
42,2116,1131,2240,15117,3435,0,808,1445,2273,349,2987
35,2185,1115,2667,7501,3422,1,849,848,1460,376,1582
35,2185,2497,4536,-1944,3428,1,660,840,2219,445,1336
35,2116,1315,3416,15975,3237,0,1149,678,1380,278,1031
37,2116,2399,3648,1890,3364,0,547,1250,2675,706,2117
37,2116,1463,2333,5729,3372,0,2435,1583,2542,761,2540
33,2189,1996,3496,13831,2942,1,4208,1211,2432,567,2484
47,2116,615,969,7210,3385,0,848,1855,2259,945,2570
33,2116,4438,7197,15670,3254,0,1894,477,2924,268,957
47,2185,666,994,5792,3510,1,974,2132,2601,1053,2829
35,2116,1509,2560,-2014,3509,0,652,1460,2453,627,3270
40,2116,878,1347,-120,3576,0,518,1869,2448,953,3132
33,2189,2191,4150,15759,2767,1,4968,947,2277,367,1967
39,3554,3335,5577,10258,3073,3,4533,1002,3017,627,1441
40,2116,598,1214,10523,3382,0,896,1193,1522,661,1588
42,2116,3797,7066,-1294,3479,0,615,445,2465,231,846
33,2189,1802,3392,15735,2749,1,5116,1098,2213,440,2141
42,2120,3852,5419,-1589,3764,0,3568,1051,3535,496,2118
33,2189,1724,3044,15317,2811,1,5311,1217,2276,558,2083
35,2116,1668,3174,16255,3069,0,2533,1084,2085,477,2311
40,2185,2711,4606,-1578,3465,1,672,965,2609,430,2153
42,2185,1274,1781,14046,3323,1,1328,1964,2812,1060,3101
35,2116,1714,3400,16075,3199,0,1637,995,2017,409,1946
35,2116,1014,2008,8281,3492,0,822,1298,1936,522,2141
45,2116,1091,2276,13912,3380,0,1310,1152,1806,488,1956
35,2116,1261,2133,1961,3439,0,280,1581,2431,669,3083
42,2116,1755,2836,16107,3167,0,1984,1321,2364,722,2250
47,6212,438,1269,-417,3469,0,793,758,970,449,795
35,2116,1111,1842,12596,3477,0,166,1893,2728,691,2936
47,2116,1000,1388,2991,3501,0,1152,2471,3256,1112,3816
40,2116,711,1473,11835,3483,0,852,1190,1598,586,1446
33,2120,1344,2622,15362,2822,1,5207,1134,1933,518,2176
35,2116,1416,2465,-2024,3545,0,642,1430,2331,657,2595
42,2116,1093,2237,15119,3431,0,842,1332,2099,345,2699
40,2116,2326,4396,12890,3395,0,552,895,2266,381,1605
44,2116,1753,2628,-916,3611,0,3418,1801,3078,748,3420
44,2116,1351,2019,6140,3332,0,3955,2133,3205,831,3385
35,2116,1191,1964,-176,3453,0,270,1821,2700,666,2989
45,2116,1081,1967,12763,3319,0,1466,1396,2077,626,2610
35,2116,1072,1777,10827,3447,0,997,1703,2438,735,2904
33,2120,2246,4039,15397,2790,1,5302,950,2218,499,1771
40,2116,1679,3317,13305,3444,0,393,998,1975,454,2110
35,4164,834,1522,6406,3556,0,1777,1319,1853,746,1294
35,2116,1257,2606,10634,3490,0,1038,1191,2012,366,2801
47,2185,1221,1961,8032,3385,1,1773,1793,2665,744,3018
35,2116,781,1578,-791,3611,0,389,1340,1841,514,1908
40,2116,707,1260,6976,3381,0,833,1556,2000,759,2303
42,6285,2424,4763,6474,3452,1,2451,760,2228,287,1605
35,2116,3312,5861,255,3362,0,463,662,2536,314,1478
33,2120,1085,1442,13939,3167,1,2592,2379,3183,1204,3811
35,2116,1747,3326,15941,3268,0,1101,1098,2180,437,1844
42,2116,1112,2291,6898,3460,0,1144,1352,2154,301,3119
42,2116,1457,2202,4676,3393,0,2773,1815,2829,845,2754
33,2189,2001,3695,15402,2816,1,5185,1014,2197,462,1899
33,2189,1691,3329,9593,3125,1,3009,1057,2089,420,1896
37,2116,978,1277,5382,3456,0,2209,2618,3385,1268,4096
35,2116,2490,4379,-2197,3523,0,860,980,2500,410,1877
35,2185,1482,2532,16131,3371,1,111,1325,2211,693,2939
35,2116,1873,3074,-2090,3497,0,660,1396,2619,605,2819
35,2116,3155,6057,-4748,3409,0,49,587,2353,238,1159
47,2116,1710,2904,-2034,3502,0,1006,1258,2296,624,2204
35,2116,838,1196,1935,3509,0,346,2740,3481,1032,4501
35,2116,1211,2344,1560,3461,0,734,1410,2263,411,2789
35,2116,972,1976,-2603,3695,0,1090,1198,1787,511,1805
40,2116,2297,4337,5412,3332,0,642,894,2254,372,1877
35,2116,956,1830,-2413,3662,0,922,1336,1935,574,1902
37,2116,1205,2212,10235,3401,0,1251,1611,2522,440,3213
47,2116,936,1223,2711,3549,0,2273,2713,3470,1276,4131
35,2116,1747,3092,14955,3362,0,179,1318,2472,499,2940
35,2116,1918,3676,1288,3446,0,32,1021,2200,384,1880
35,2116,1320,2138,13257,3332,0,579,1593,2455,758,2968
42,2185,811,1272,-2282,3635,1,1280,1939,2515,885,2516
37,2116,1325,2287,11058,3532,0,751,1585,2512,588,3216
45,2185,794,1514,10535,3391,1,1446,1439,1947,610,2287
35,2116,2740,4581,-2033,3494,0,1023,974,2598,467,1977
33,2120,2219,3683,10105,2963,1,3916,1108,2377,625,1864
42,2185,1230,1907,16182,3144,1,2128,2080,3061,748,3510
40,2116,665,1326,15029,3426,0,536,1293,1685,621,1552
35,2116,1041,1903,14715,3402,0,1531,1709,2502,488,3104
35,2116,1122,2153,15566,3373,0,621,1302,2000,585,2038
35,2116,1390,2799,-1754,3438,0,600,1076,1912,441,1862
37,2116,1166,2022,6248,3499,0,1162,1891,2849,488,4165
44,2185,1558,2470,7336,3242,1,4039,1712,2800,756,3027
35,2116,624,1276,15624,3416,0,422,1338,1728,551,1754
47,2116,977,1971,15628,3327,0,1665,1260,1876,486,2060
35,2116,1299,2298,11547,3463,0,47,1599,2521,563,3084
33,2120,1855,2962,15608,2958,1,4029,1441,2645,672,2421
47,2116,1151,1832,15509,3011,0,4064,1982,2870,729,3338
35,2116,2301,3930,-1598,3452,0,902,1077,2455,504,1951
40,2116,3651,7425,15394,3330,0,612,336,2224,176,638
42,2116,1247,2124,15511,3335,0,948,1766,2714,574,3647
35,2116,920,1590,15655,3274,0,1989,2066,2845,542,3483
35,2116,1146,2618,16040,3312,0,969,973,1648,384,2080
35,4164,472,1067,-2424,3626,0,1012,1122,1387,542,1368
47,2185,1449,2217,16249,3025,1,2935,1769,2776,802,3198
35,2116,953,1411,-759,3533,0,279,2668,3543,874,4343
47,2185,496,1010,5162,3467,1,829,1255,1539,641,1239
40,2116,2923,5504,15561,3342,0,469,667,2306,306,1343
35,2116,735,1046,-2234,3608,0,562,2656,3278,1081,3743
47,2116,1244,1705,13269,3172,0,2459,2563,3616,1046,4113
35,2445,3140,5501,12689,2994,1,3878,1040,2783,795,1064
40,2116,1442,3173,15022,3380,0,618,876,1681,392,1769
45,2185,949,1583,12679,3345,1,1989,1732,2382,746,2812
47,2116,2744,5040,-2221,3546,0,760,778,2317,384,1678
39,3098,2664,4176,3122,3356,3,2809,1323,2959,1033,1714
35,2116,3497,5943,8633,3441,0,1748,737,2859,288,1549
40,2116,2127,4647,16051,3329,0,897,680,1845,295,1375
42,2116,1273,2739,6264,3525,0,1018,965,1683,449,1715
45,2116,1386,3062,15780,3399,0,903,895,1673,402,1630
35,2116,1208,1994,-1598,3538,0,528,1713,2543,730,2817
35,2116,3579,6375,-1823,3448,0,249,582,2625,244,1074
37,2116,1159,2265,9370,3429,0,1164,1433,2272,375,2858
35,2116,928,1254,9224,3428,0,344,3057,3931,1163,4585
47,2185,727,1432,-586,3559,1,860,1316,1757,603,1616
35,2116,3582,5506,-1894,3537,0,1666,865,2990,445,1572
35,2116,1303,2392,14674,3546,0,338,1252,2041,593,2392
35,2116,1853,3093,15948,3105,0,2696,1220,2308,658,2128
35,2116,1002,2458,9527,3307,0,1267,850,1417,344,1182
40,2116,1631,3197,13917,3309,0,987,1057,2068,391,2010
40,2116,2107,4342,7254,3344,0,1062,783,1993,316,1503
33,2120,1615,3544,15604,3032,1,3552,844,1756,365,1721
40,2185,2061,3763,2045,3404,1,892,982,2174,485,2141
35,2116,1500,3222,15878,3408,0,486,915,1782,378,1587
42,2185,1977,3400,15681,2789,1,4890,1138,2313,574,1949
35,2116,1213,2239,6726,3522,0,1921,1723,2717,347,3922
35,2116,584,991,6011,3486,0,357,1859,2264,810,2304
35,2116,3882,7274,-1891,3532,0,603,395,2443,211,754
33,2189,2413,4488,15437,2749,1,5420,836,2190,418,1399
40,2116,3344,5788,15961,3340,0,645,715,2667,313,1297
45,2116,850,1648,14475,3397,0,1465,1342,1871,583,1974
33,2189,2447,4424,15387,2796,1,5291,861,2217,470,1540
35,2116,1658,3015,-1827,3459,0,772,1265,2353,464,2547
35,2116,1152,1819,13724,3441,0,683,1959,2828,761,3255
39,2189,1754,2399,6545,3358,1,4704,1935,3144,1001,3173
35,2116,1209,2190,12672,3237,0,2508,1504,2343,550,3006
35,4164,1333,2326,11544,3366,0,936,1460,2345,595,2496
40,2116,1285,3217,16107,3317,0,949,766,1476,294,1586
45,2116,1556,3063,15701,3361,0,1382,1039,1955,460,1525
35,2116,1839,2463,14819,3310,0,924,2027,3250,1101,3066
35,2116,2770,5282,15950,3307,0,1108,720,2316,293,1543
42,2185,1568,2839,-1408,3375,1,206,1250,2243,525,2034
42,2116,1954,4725,3103,3408,0,2215,587,1607,288,1173
35,2116,1323,2190,16069,3088,0,2516,1645,2566,669,3104
37,2116,1165,2084,9614,3434,0,1149,1690,2576,495,3097
40,2116,1875,4615,16020,3324,0,879,581,1562,261,1091
39,2257,3401,5235,-1459,3673,1,3259,934,2969,472,1829
42,3554,1967,2946,13264,2946,3,4235,1744,3020,1123,2577
35,2116,2087,4188,1418,3470,0,610,853,2051,378,1732
33,2189,1356,2505,14430,2983,1,4788,1555,2590,377,3240
35,2116,2179,3868,15974,3254,0,1318,1101,2474,434,1834
35,2116,2230,4226,-2320,3547,0,902,918,2241,380,1940
47,2185,588,1090,14770,3451,1,467,1704,2116,660,2091
37,2116,1155,1485,-2034,3678,0,2244,2755,3706,1275,4041
35,2116,1407,2100,15996,3213,0,1886,1875,2870,858,3161
35,2116,3740,5782,879,3568,0,2157,846,3124,392,1677
33,2189,2238,4213,15635,2778,1,4983,919,2243,387,1761
33,2120,1292,1917,7185,3275,1,4034,2242,3301,808,3513
35,2116,1079,1793,-2209,3554,0,791,1712,2452,739,3425
35,2116,1152,2065,13866,3415,0,1489,1600,2432,531,2862
40,2116,994,2270,9966,3348,0,920,980,1543,429,1714
40,2116,1442,3173,15022,3380,0,618,876,1681,392,1769
35,2116,747,1444,-2343,3648,0,683,1382,1844,619,1764
47,2116,1177,1612,12866,3178,0,2892,2453,3394,1081,4398
45,2116,887,1869,15790,3308,0,1605,1125,1635,529,1505
42,2116,1316,2203,11386,3410,0,867,1642,2561,655,2747
42,2116,1157,1970,6034,3493,0,1108,2077,3092,482,3963
33,2116,2175,4047,15936,3370,0,396,964,2281,387,1869
33,2189,1899,3307,13170,2916,1,4960,1120,2201,629,1842
35,2116,571,1105,-2357,3628,0,772,1425,1780,647,1874
35,2116,821,1820,14308,3399,0,600,1028,1488,489,1278
42,2116,1300,2009,15960,3252,0,1571,1835,2747,818,3246
47,2185,479,993,8002,3394,1,1545,1256,1531,634,1356
40,2116,744,1421,-2587,3584,0,272,1359,1807,651,1557
42,2185,1241,2109,16079,3273,1,1351,1414,2165,735,2356
35,2116,1583,3076,-1808,3473,0,872,1086,2041,455,2396
35,2116,1238,2071,-2202,3530,0,785,1633,2485,675,3604
45,2185,933,1611,3306,3431,1,840,1785,2469,642,3485
35,2116,1451,2743,11773,3359,0,1177,1248,2183,478,2358
39,2257,4291,6698,364,3610,1,3713,640,3193,305,1196
35,2116,1673,2965,-1874,3512,0,998,1296,2388,512,2121
42,2116,1806,2787,15960,3164,0,2040,1469,2590,779,2306
35,2116,3558,5408,-1894,3569,0,1773,896,3005,474,1838
35,2116,773,1439,-2637,3664,0,830,1507,2014,621,1928
47,2185,802,1672,10355,3487,1,975,1143,1601,561,1453
35,2116,1222,2403,14242,3312,0,694,1303,2125,416,2454
47,2185,1240,1943,13805,3398,1,921,1868,2768,779,3061
35,2116,1253,2385,-1110,3411,0,377,1181,1917,576,1887
33,2120,2197,3559,15964,2900,1,3855,1171,2459,643,1927
42,4164,1453,4222,-1674,3778,0,3643,834,1745,501,941
40,2116,4800,7025,-1352,3550,0,1606,611,3496,283,1243
33,2120,1509,2326,6439,3217,1,3782,1644,2602,882,2755
33,2120,1318,2110,15350,2846,1,5124,1738,2661,744,3102
45,2185,896,2040,15301,3470,1,1175,1019,1535,431,1612
33,3226,2755,5571,15453,2848,3,4562,736,2246,470,1090
35,2116,1209,2281,8932,3441,0,1150,1296,2060,537,2540
33,2189,3452,6592,15253,2718,1,5724,498,2326,263,770
40,2185,947,1753,9090,3417,1,806,1369,1942,675,2018
35,2116,2378,4672,16030,3218,0,1619,780,2133,340,1401
35,2116,1199,1917,16112,3126,0,2168,1726,2548,768,2837
42,2116,1065,1934,10806,3428,0,1272,1780,2630,445,3452
47,2116,1579,2778,-1784,3499,0,622,1333,2341,575,2964
35,4164,3731,5548,2128,3569,0,2517,875,3126,454,1578
35,2116,1225,2075,-1707,3536,0,578,1586,2413,669,3246
37,2116,1103,1913,11030,3469,0,815,1924,2829,513,3580
42,2116,1397,2307,16277,3126,0,2013,1759,2810,608,3242
33,2189,2406,3959,15757,2727,1,5179,1179,2703,519,2408
42,2116,3130,4772,751,3675,0,2927,1132,3158,509,2367
40,4164,2104,4083,15657,3364,0,469,935,2181,364,1654
37,2116,1136,1919,7347,3464,0,1201,1940,2856,578,3485
35,2116,2904,4961,16028,3319,0,668,920,2706,369,1757
35,2116,913,1670,15348,3497,0,427,1557,2181,595,2494
44,2185,1453,1956,-589,3574,1,2993,2448,3620,1059,3878
35,2116,1116,1784,15182,3445,0,267,2090,2991,702,3289
33,2116,3943,7873,14500,3353,0,1828,300,2342,151,620
35,2185,997,1660,16133,3078,1,2558,2041,2852,628,3649
40,2116,2588,4871,16086,3374,0,297,798,2306,330,1636
33,2189,2250,4899,15534,2725,1,5409,630,1845,283,1373
47,2185,623,1237,-3081,3575,1,382,1313,1681,636,1380
42,2185,1317,2006,14680,3304,1,1419,2046,3059,816,3668
35,2116,1589,3304,16160,3187,0,1688,966,1914,369,1909
44,2517,3249,5382,14267,2916,1,4365,920,2800,519,1346
35,2116,1663,2988,15967,3353,0,631,1296,2401,475,2948
35,2116,4990,7960,15677,3404,0,408,351,3125,177,573
35,2116,2267,4306,12159,3355,0,1565,915,2244,405,1828
40,2116,1952,4341,16026,3361,0,655,715,1798,292,1632
35,2116,3099,5268,-1131,3428,0,208,823,2596,415,1499
42,2185,1236,1733,15945,3229,1,1858,2113,2994,1044,3067
42,2116,1117,2048,6462,3461,0,1144,1716,2599,422,3355
35,2116,1115,1943,8635,3449,0,963,1739,2573,570,3226
37,2116,1201,2190,7878,3534,0,1100,1541,2405,492,3073
40,2185,2974,5578,10848,3382,1,1012,677,2371,289,1296
35,2116,3466,6484,-2345,3582,0,776,519,2388,264,1018
45,2116,1329,2941,15473,3411,0,938,888,1625,411,1565
33,2189,1603,2677,15375,2816,1,5217,1397,2405,667,2564
35,2116,953,1655,13238,3400,0,1370,1974,2755,546,3375
33,2189,2841,5252,15529,2757,1,5278,706,2245,377,1126
45,2116,1165,2641,15718,3282,0,1629,956,1625,394,1905
35,2116,2027,3967,-1873,3539,0,714,902,2062,413,1824
47,2116,762,1172,12159,3365,0,1006,1951,2474,943,2979
47,2116,1221,1740,16172,3078,0,2634,2135,3032,997,3531
45,2185,828,1621,11332,3445,1,2052,1304,1807,593,1855
35,2116,2960,4983,15755,3387,0,260,915,2719,389,2016
35,2116,1796,3276,-2073,3478,0,736,1110,2181,518,2431
35,2116,2109,4018,-2049,3547,0,845,914,2120,436,1779
35,2185,819,1505,-1833,3518,1,787,1433,1942,688,2021
45,2185,2363,3481,-636,3487,1,819,1532,3036,746,2349
40,2189,2127,3962,15238,2826,1,5339,879,2031,501,1402
35,2116,3490,5255,-1895,3626,0,2303,998,3205,447,1919
35,2116,495,977,-2403,3661,0,1079,1375,1667,679,1596
35,2116,2227,3859,15604,3370,0,806,1154,2597,438,2180
47,2185,751,1847,14817,3320,1,2911,932,1352,393,1753
35,2185,1766,2889,16072,3040,1,2824,1631,2934,569,2640
40,2185,1329,2682,11074,3420,1,669,1105,1906,462,2229
42,2185,1211,1722,10791,3386,1,1371,2196,3105,1003,3992
47,2116,951,1730,-2820,3533,0,525,1442,2044,649,1945
45,2185,1389,2771,15242,3487,1,1021,1070,1896,468,1825
40,2185,1305,2089,7092,3472,1,777,1775,2706,732,3624
35,2116,2014,3576,16203,3219,0,1481,1228,2585,413,2132
45,2116,964,1653,15509,3415,0,1197,1579,2200,725,2444
37,2116,1001,1620,1341,3531,0,1111,2133,2955,696,3504
35,2116,2324,4034,-1274,3404,0,508,1072,2487,473,2269
35,2116,1060,1811,5703,3518,0,1162,1684,2423,685,2717
35,2116,2669,4863,16010,3224,0,1726,840,2409,362,1547
47,2116,816,1489,15341,3443,0,661,1654,2233,594,2434
40,2116,2199,4243,-1697,3442,0,305,891,2205,346,1704
35,2116,2337,4176,-2831,3373,0,140,1018,2448,417,2214
45,2116,990,1708,15664,3371,0,1238,1673,2362,664,2846
35,2116,1128,2085,16021,3192,0,1449,1446,2209,529,3052
33,2120,1930,3410,13073,2941,1,4643,1065,2141,614,1635
35,2116,1268,2538,8266,3536,0,1074,1244,2088,389,2548
37,2185,2259,3646,11066,3040,1,3775,1258,2653,620,2280
35,2445,2287,4167,15134,2786,1,4942,941,2260,452,1537
43,38937,-68,-229,14543,2933,1,4468,748,714,623,550
42,2116,1335,2458,1896,3576,0,1132,1250,2043,621,2351
35,2116,917,2073,15549,3399,0,815,1054,1591,435,1491
42,2116,1444,2768,3923,3102,0,2896,1214,2127,479,2173
35,2116,1588,2819,15558,3350,0,224,1362,2422,516,3053
35,2116,2499,4210,-1872,3516,0,1282,1076,2568,525,2325
37,2116,1248,1924,8315,3398,0,1202,1669,2462,878,2986
33,2116,4047,6861,11483,3368,0,2000,535,2833,253,1082
40,2116,1847,3812,15466,3394,0,502,850,1896,374,1684
35,2185,1600,3528,-1565,3593,1,896,811,1690,374,1265
37,2116,2409,3854,6573,3296,0,1329,1130,2532,634,1775
35,2116,495,977,-2403,3661,0,1079,1375,1667,679,1596
35,2116,5258,8461,-783,3533,0,1439,258,3092,157,547
33,2120,1206,2257,15912,2914,1,3865,1403,2217,503,3107
35,2116,896,1224,918,3542,0,367,2958,3781,1139,4467
42,2116,1181,2232,7080,3432,0,1204,1454,2277,487,2413
37,2116,1381,2089,-1418,3586,0,1921,1955,2980,819,3308
44,2120,2070,3950,-1939,3741,1,2746,894,2054,466,1835
37,2116,1068,1458,-3,3623,0,2247,2636,3530,1114,4163
35,2116,1216,1983,-1974,3517,0,586,1735,2580,738,3151
35,2116,3050,4593,-1907,3563,0,1752,1109,2986,563,2411
45,2116,804,1479,15807,3265,0,1739,1411,1902,689,2180
35,2116,1665,3193,16000,3338,0,862,1139,2198,411,2595
35,2185,877,1535,8918,3481,1,1433,2079,2830,523,3338
44,2116,1398,2129,1752,3506,0,3466,2219,3405,734,3564
35,2116,1917,3768,16109,3205,0,1614,952,2095,384,1733
35,2116,3007,5556,15991,3069,0,2873,688,2383,320,1329
35,2116,1584,2669,16066,3343,0,326,1291,2221,703,3082
45,2185,1259,2778,15354,3382,1,1824,948,1675,389,1804
47,2185,1252,1773,13625,3160,1,2516,2494,3566,948,4040
40,2116,2920,5687,16086,3351,0,551,632,2232,287,1200
35,2116,1071,1840,15726,3423,0,529,1589,2302,696,2260
40,2185,1310,2315,9718,3451,1,654,1428,2284,601,2645
35,2116,997,1482,-301,3543,0,389,2473,3331,885,4089
35,2116,2367,4357,16037,3242,0,1580,913,2299,412,1713
45,2185,881,1633,11306,3458,1,1928,1453,2018,629,2161
35,2116,1204,2278,15944,3177,0,1587,1404,2229,459,3174
35,2116,1820,3358,16083,3233,0,1576,1130,2263,458,2036
37,2116,1209,2412,4733,3554,0,1143,1366,2232,340,2917
35,2116,991,1443,14822,3471,0,619,2605,3482,933,4495
35,2116,1438,2971,-2226,3557,0,1114,1027,1891,412,2037
44,2185,1289,1994,9484,3173,1,4295,2055,3067,755,3403
33,2189,1378,2019,8937,3188,1,4234,2156,3230,894,3508
35,2116,1917,3355,-769,3443,0,165,1154,2301,554,2029
37,2517,1887,3359,11265,3134,1,2441,1255,2405,768,2097
33,2190,1507,2308,14996,2943,3,4856,1834,2893,707,3006
42,2116,1530,2620,16143,3226,0,1526,1543,2630,554,2873
35,2116,1263,3081,13727,3258,0,1001,787,1496,293,1120
33,2120,1252,1920,13647,3004,1,4734,2154,3167,780,3325
42,2116,1202,2315,12087,3494,0,919,1437,2290,417,2825
35,2116,703,1731,14828,3487,0,624,971,1372,390,1309
33,2189,3081,5436,15616,2758,1,5164,765,2545,349,1258
42,2116,1182,2003,10342,3428,0,1231,1891,2834,567,3546
33,2120,2219,4119,13723,2849,1,4974,882,2099,490,1439
35,2116,2479,4323,-2183,3512,0,773,1012,2545,416,1880
40,2116,3622,6320,16557,3348,0,296,598,2649,275,1161
35,2116,1058,1870,15200,3419,0,1452,1723,2515,552,3002
35,2116,1462,2499,15970,3104,0,2686,1425,2367,640,2646
42,2116,922,1665,14821,3389,0,1516,1817,2542,507,3185
42,2116,1086,1926,3692,3532,0,1074,1841,2718,477,3482
47,2116,861,2023,16042,3326,0,475,999,1511,379,1669
42,2186,2561,3996,10697,3207,3,1501,1243,2873,579,2543
40,2116,1172,1946,2244,3478,0,1362,1604,2379,733,2960
42,2116,1169,2029,11253,3494,0,825,1596,2406,625,3077
35,2116,1126,1992,11725,3463,0,712,1481,2216,641,2175
44,4233,3064,4359,-390,3594,1,3161,1369,3464,551,1913
42,2116,2118,3454,16144,3178,0,1847,1159,2380,656,1735
35,2116,1848,3280,16071,3343,0,797,1278,2503,462,2418
35,2116,1142,1877,11781,3205,0,2072,2035,2976,617,3924
35,2116,2134,3887,15990,3209,0,1656,1048,2376,413,1715
35,2116,976,1724,592,3565,0,205,1493,2111,697,2046
35,2116,1072,1777,10827,3447,0,997,1703,2438,735,2904
45,2116,912,1776,13709,3376,0,1611,1300,1860,574,1949
35,2116,3821,8024,-4240,3443,0,87,239,2169,132,482
45,2120,2407,4503,16061,3306,0,977,880,2323,348,1690
44,2116,4187,6936,12574,3260,0,2029,574,3001,276,1070
33,2116,3467,5793,6912,3422,0,1925,771,2802,371,1613
37,2116,1153,2210,7571,3533,0,1065,1624,2542,316,3669
33,2116,3120,4678,105,3593,0,2099,1157,3180,521,2385
42,2116,1268,2372,8030,3432,0,1179,1592,2580,353,3384
33,2120,1430,2133,5181,3349,1,3828,2008,3083,853,3422
35,2116,2554,4796,3213,3519,0,1308,816,2279,366,1534
40,2116,1970,4191,15881,3320,0,875,775,1838,378,1201
40,2116,1398,2674,13177,3307,0,981,1216,2100,471,2210
35,2116,2068,3290,-1585,3488,0,754,1382,2724,626,2346
35,2116,785,1734,-1040,3605,0,334,1081,1532,488,1534
35,2116,1105,1940,223,3521,0,402,1617,2382,642,2586
35,2116,585,1214,-2167,3540,0,816,1225,1564,594,1414
40,2116,2486,4481,-280,3407,0,224,911,2389,397,1909
35,2116,1163,2059,11835,3431,0,809,1457,2209,640,2406
45,2116,1824,3987,15694,3283,0,1753,767,1757,357,1399
47,2116,643,1161,15721,3378,0,795,1739,2198,647,2142
47,2116,1359,2979,-2351,3606,0,827,885,1629,429,1175
35,2116,5215,8227,-1754,3454,0,376,311,3221,154,651
33,2190,1507,2308,14996,2943,3,4856,1834,2893,707,3006
35,2116,753,1234,-2694,3650,0,788,1870,2392,829,2316
37,2185,1774,3229,5680,3466,1,2302,1104,2174,499,1790
37,2116,903,1407,-105,3604,0,1994,2141,2840,850,3038
40,2116,2529,4182,2588,3425,0,557,1107,2673,498,2013
35,2116,2647,4801,15816,3370,0,719,864,2434,365,1594
35,2116,4377,7518,15571,3386,0,743,396,2796,190,660
35,2116,751,1568,-2431,3636,0,621,1336,1830,453,2095
33,2380,1894,2973,14647,2800,1,4669,1498,2741,682,3085
37,2116,3376,5595,14705,3106,0,2687,758,2637,427,1315
35,2116,4240,7831,7384,3424,0,98,306,2543,164,542
40,2185,973,1380,-1849,3541,1,1262,2457,3242,1040,4044
40,2185,1026,1403,3194,3556,1,1394,2523,3344,1130,3757
42,2116,1401,2556,16026,3220,0,1632,1370,2309,502,2869
35,2116,1175,1951,8,3468,0,112,1943,2883,607,3466
40,2116,938,2069,15510,3332,0,1916,1058,1606,445,1741
40,2185,2999,4888,-1514,3561,1,1857,893,2621,485,1553
35,2116,1177,2287,15060,3216,0,1283,1393,2218,404,2817
37,2116,1103,2077,5811,3529,0,1143,1640,2491,401,3346
42,2116,1201,1970,4443,3454,0,1678,1473,2196,812,2554
37,2116,1259,2165,956,3590,0,982,1801,2794,518,3347
45,2116,1461,2880,2735,3591,0,1935,1085,1958,476,1971
40,2185,2647,4271,-1023,3549,1,1762,1007,2543,537,1830
35,2116,2084,3798,16100,3292,0,1044,1049,2326,436,1884
35,2116,863,1243,-1889,3523,0,558,2300,2952,1050,3515
35,2116,1841,3322,-1566,3407,0,516,1118,2229,518,2337
35,2116,3816,7977,139,3439,0,147,247,2188,129,473
42,2116,1669,3012,16015,3205,0,1744,1273,2369,479,2489
44,2185,1467,2305,4591,3355,1,3679,2065,3280,656,3620
35,2116,1354,2137,15620,3180,0,2879,1759,2714,752,3084
47,2185,1079,1438,11402,3238,1,2352,2861,3820,1165,4504
35,2116,882,1257,8059,3429,0,318,2831,3649,1000,4657
33,2189,1419,2526,15393,2870,1,4967,1366,2285,569,2634
35,2116,2173,3858,-858,3427,0,200,1037,2302,516,2230
35,2116,1284,2419,15104,3279,0,803,1322,2156,510,2591
33,2120,1802,3085,7248,3175,1,3959,1460,2699,573,2731
47,2185,622,1065,3461,3509,1,299,1846,2279,793,2294
33,2116,915,2158,15041,3298,0,3195,940,1455,400,1530
35,2116,823,1488,5149,3464,0,421,1692,2279,622,2372
35,4164,399,777,-1311,3708,0,2139,1406,1636,836,1569
37,2116,1273,2191,4134,3535,0,1267,1852,2890,480,4162
42,2116,1205,2199,630,3587,0,1232,1427,2203,624,2429
35,2116,4179,6598,5224,3470,0,1951,635,3070,311,1317
35,2116,2917,5419,15834,3293,0,1243,714,2378,313,1395
37,2116,981,1500,4947,3464,0,2204,1955,2641,922,3172
47,2116,907,1546,-2127,3530,0,568,1769,2418,695,3747
35,2116,3153,5531,16324,3367,0,406,759,2596,326,1548
35,2116,1123,2029,15725,3418,0,431,1447,2178,615,2404
35,2446,1597,2363,16197,2976,3,3061,1824,2918,906,2974
40,2185,2918,5149,-1416,3435,1,457,809,2524,357,1660
35,2116,1115,1697,15483,3418,0,542,2095,2936,875,3519
42,4369,1859,4834,9301,3255,1,3573,571,1543,419,620
35,2116,1157,2727,13340,3548,0,603,808,1415,427,1480
47,2185,1285,1902,16266,2997,1,3135,1986,2915,898,3544
35,2185,1411,2308,696,3417,1,1125,1545,2470,719,3186
42,2116,1242,2159,9340,3517,0,1013,1619,2500,592,3095
35,2116,1652,3380,16052,3227,0,1638,941,1889,422,1822
37,2116,1309,1747,7767,3416,0,1156,2172,3090,1145,3598
42,2116,636,1171,15188,3393,0,870,1670,2112,631,2058
33,2120,1498,2602,15631,2987,1,4013,1578,2679,501,2959
42,2116,1950,2954,15489,3232,0,1651,1486,2730,762,2336
40,2116,2173,3911,-392,3419,0,42,1036,2360,440,2106
43,2120,750,1375,8736,3322,1,1644,1615,2086,776,1664
42,2116,1323,2538,6652,3565,0,1139,1318,2213,430,2629
42,2116,1785,2839,16201,3194,0,1786,1437,2573,702,2395
37,2116,1303,1814,11770,3324,0,1418,1941,2800,1065,3174
33,2116,3080,6044,15684,3357,0,1279,555,2252,241,1049
35,2116,2170,3855,-2157,3526,0,871,1103,2462,441,2159
33,2261,2291,4427,15395,2771,1,5374,802,2076,397,1509
35,2116,1275,2636,-2182,3437,0,436,1109,1896,414,2366
47,2185,1049,1436,11532,3230,1,3311,2642,3513,1141,3909
47,2185,993,1419,2771,3517,1,1106,2302,3058,1035,3708
47,2185,1226,1683,15393,3060,1,3060,2191,3079,1087,3492
40,2185,1368,2619,-2207,3513,1,775,1187,2011,544,2324
35,2116,2116,3706,15974,3206,0,1687,1162,2524,451,1829
35,2116,1964,3794,16180,3193,0,1680,972,2161,382,1781
47,2116,622,1282,1467,3540,0,246,1389,1799,497,1839
40,2116,5375,8049,111,3532,0,1496,380,3446,194,806
45,2116,2374,4113,8260,3309,0,1204,1022,2446,475,2112
47,2185,759,1121,7891,3435,1,861,2122,2660,1019,3038
44,2445,2047,3000,1867,3627,1,4380,1783,3288,674,3213
47,2185,551,1113,1342,3493,1,930,1283,1605,631,1392
47,2185,422,873,3325,3455,1,783,1283,1529,629,1338
44,35221,3745,6316,7456,3197,1,3504,697,2722,457,945
35,2116,2036,3573,15042,3422,0,388,1130,2396,489,1481
42,2116,1160,2067,5733,3508,0,823,1600,2420,574,2925
35,2116,905,2311,15662,3391,0,842,828,1322,351,1117
45,2116,888,1827,14168,3383,0,1689,1274,1827,509,2044
35,2116,1296,2394,16102,3338,0,436,1397,2272,502,2669
35,2116,1714,3400,16075,3199,0,1637,995,2017,409,1946
40,2185,2637,4490,-1156,3506,1,1230,994,2620,431,2106
35,2116,2044,2870,-1833,3524,0,1390,1724,3096,870,3301
44,2185,1486,2469,6372,3301,1,3947,1884,3100,522,3399
35,2116,1449,2628,16239,3190,0,1439,1419,2427,470,2754
39,2257,2473,4760,15189,3078,1,3244,760,2122,390,1361
35,4164,723,1461,3805,3672,0,2440,1337,1835,755,1362
47,2116,1273,2504,14017,3420,0,528,1179,1943,526,2209
35,2116,1533,3229,15760,3352,0,553,984,1914,372,2087
33,2189,1315,2441,15381,2858,1,5035,1307,2145,539,2420
35,2116,2352,3939,15961,3055,0,3027,1117,2554,527,1879
35,2116,961,2258,15177,3401,0,797,937,1485,384,1254
35,2185,1391,2598,16367,3314,1,497,1195,2024,586,2977
37,2116,1250,2218,5715,3530,0,1182,1712,2686,463,3288
39,2062,3582,5687,4473,3419,3,3048,887,2959,526,1325
35,2116,1934,3109,-1653,3473,0,380,1313,2480,697,2581
44,2185,1349,1883,14712,3304,1,1335,2121,3099,1031,3727
35,2116,1181,2057,16070,3344,0,891,1523,2294,693,2507
35,2116,2552,4926,15698,3370,0,855,757,2221,330,1320
35,2116,1711,2835,15863,3345,0,329,1395,2486,648,3322
35,2116,2109,3407,-1070,3458,0,376,1455,2825,675,2100
35,2116,2528,4554,-1818,3463,0,870,901,2395,396,1933
42,2116,1862,2925,15161,3175,0,2055,1372,2502,740,2240
37,2116,1008,2103,6881,3565,0,2186,1247,1907,417,2213
35,2116,2206,4078,15877,3232,0,1643,935,2221,434,1710
35,2116,1598,3232,15951,3284,0,915,1041,2001,414,2071
33,2120,1856,3236,15289,2819,1,5309,1185,2316,557,2040
35,2116,1614,3030,-2248,3500,0,377,1163,2163,485,2163
33,2189,2172,3491,14185,2812,1,4901,1450,2833,736,2489
35,2116,3522,5895,15781,3384,0,641,717,2779,321,1275
35,2116,770,1629,2346,3566,0,556,1270,1762,459,1803
40,2116,1155,2469,15706,3324,0,977,991,1650,452,1571
35,2116,2036,3573,15042,3422,0,388,1130,2396,489,1481
35,2116,1738,3201,4429,3367,0,64,1168,2258,470,2597
35,2116,2091,3401,16086,3093,0,2656,1198,2428,657,2160
35,2116,782,1220,-2335,3634,0,742,2046,2613,903,2652
42,2185,1655,3050,13855,3222,1,1939,1252,2331,470,2349
35,2116,2552,4926,15698,3370,0,855,757,2221,330,1320
35,2116,3015,5219,15912,3304,0,1038,828,2628,353,1565
47,2116,630,1231,-503,3426,0,676,1303,1670,659,1627
35,2116,972,1899,9164,3500,0,824,1310,1919,547,1971
47,2116,739,1411,8852,3470,0,863,1384,1841,638,1743
42,2116,1234,1751,10032,3388,0,1206,1951,2774,1039,3188
40,2185,3692,6225,13890,3325,1,366,621,2680,327,1259
42,2116,1192,2532,6000,3532,0,837,982,1645,485,1618
33,2116,1485,3335,15593,3396,0,1302,828,1653,366,1588
35,2116,1768,3453,15997,3180,0,1566,1042,2137,386,2134
42,2116,1218,2169,7860,3514,0,1086,1705,2648,469,3484
35,2116,861,1222,-2508,3624,0,715,2526,3229,1064,3097
42,2116,1468,2633,15989,3197,0,1894,1432,2454,483,2786
35,2185,1453,2517,15918,2967,1,3487,1601,2669,465,3160
47,2116,977,1884,10179,3446,0,1791,1359,1983,566,2162
33,2120,1705,2905,16091,2991,1,3222,1497,2716,504,3087
33,2120,1753,3266,15424,2821,1,5143,1070,2106,499,1924
45,2185,1223,2330,2313,3313,1,718,1175,1887,589,2869
35,2116,1298,2653,1357,3569,0,1081,1157,1988,392,2673
47,2116,595,1181,-1886,3549,0,947,1444,1808,692,1929
33,2189,3357,5604,3347,3192,1,1737,787,2750,378,1394
42,2116,1755,2836,16107,3167,0,1984,1321,2364,722,2250
35,2116,673,1326,-2394,3678,0,866,1437,1879,553,1732
40,2116,588,1156,7739,3386,0,852,1236,1563,685,1795
42,2116,1215,2089,8493,3517,0,984,1927,2944,477,4152
33,2189,2144,3590,4745,3149,1,2326,1120,2353,625,2013
33,2189,1237,2166,15334,2871,1,5048,1617,2510,561,2886
37,2517,2902,4858,3498,3333,1,1823,1005,2698,648,1632
47,2185,905,1306,16191,3096,1,2483,2081,2706,1058,3192
47,2116,1366,2710,13097,3506,0,717,1098,1907,497,2328
37,2116,1837,2957,-1428,3641,0,2552,1634,3002,556,3092
35,2116,1142,1833,13207,3438,0,644,2032,2943,692,3487
42,2116,1177,2186,4955,3555,0,1175,1541,2397,461,3025
35,2116,1126,2313,7256,3498,0,828,1117,1781,496,1832
42,2116,1203,2599,6287,3534,0,835,937,1592,480,1540
42,2116,1333,2428,6458,3497,0,1134,1627,2665,394,3409
35,2116,923,1915,13097,3462,0,1074,1215,1790,478,1684
40,2185,1005,1502,-2273,3539,1,866,2324,3144,891,3917
33,2189,1103,1844,15328,2992,1,4478,1934,2806,614,3280
35,2116,1224,2185,-26,3472,0,403,1523,2373,555,2592
40,2116,739,1280,12937,3410,0,749,1573,2034,798,2190
43,2120,750,1375,8736,3322,1,1644,1615,2086,776,1664
35,2116,1020,1533,5249,3476,0,402,2678,3646,799,4342
35,2185,2999,5575,15980,3060,1,2953,697,2404,304,1355
35,2116,2622,4284,-1376,3512,0,574,1184,2833,498,2264
35,2116,1712,2975,12384,3244,0,3404,1247,2299,582,2642
42,2185,1026,1550,-1064,3604,1,1840,2209,3017,877,3635
35,2116,1634,2745,9592,3333,0,2288,1552,2688,612,2938
33,2189,1828,2901,13762,3109,1,3528,1365,2462,756,2216
35,2116,4503,7230,13730,3228,0,2017,523,3133,247,948
35,2116,1159,2104,11138,3441,0,1216,1380,2114,611,2618
47,2185,1264,1798,15873,2995,1,3633,2136,3072,984,3718
33,2120,1473,2137,525,3563,1,3388,2129,3273,880,3539
35,2116,2500,4668,15638,3378,0,514,868,2383,323,1708
33,2116,915,2158,15041,3298,0,3195,940,1455,400,1530
35,2116,3916,7101,-2556,3453,0,242,439,2555,227,839
35,2116,1334,2618,-2214,3544,0,720,1143,1945,496,2360
40,2185,2918,5149,-1416,3435,1,457,809,2524,357,1660
35,2116,853,1611,10907,3475,0,885,1541,2129,549,2316
40,2185,3198,5800,-735,3361,1,313,652,2447,307,1352
33,2120,2170,3433,11814,2890,1,4506,1306,2632,677,2519
33,2120,1800,3188,15242,2808,1,5400,1096,2116,603,1872
35,2116,2312,4277,-1824,3494,0,1159,906,2246,421,1875
33,2116,3159,5973,15637,3351,0,1300,592,2349,267,1197
42,2116,1727,2607,15829,3181,0,1974,1703,2904,766,2857
47,2116,1225,1970,-1564,3525,0,1148,1767,2610,790,3129
33,2189,3569,6784,15234,2726,1,5722,466,2371,234,797
35,2116,4806,7875,-997,3462,0,424,358,3000,190,633
35,2116,1364,2315,-963,3495,0,489,1518,2427,648,3072
35,2116,2754,4650,-2121,3495,0,804,991,2693,418,1820
40,2116,1051,2051,8312,3429,0,794,1216,1839,578,2215
33,2120,1791,3116,8945,3253,1,3868,1227,2303,636,2047
37,2116,1223,2069,3604,3565,0,1125,1944,2956,524,3438
37,2116,1105,1903,2613,3529,0,769,2104,3087,455,4133
35,2445,2287,4167,15134,2786,1,4942,941,2260,452,1537
35,2116,2322,4232,9538,3356,0,1057,948,2272,480,2000
39,2518,3855,6844,14580,2837,3,4971,532,2594,367,886
42,2116,1352,2107,16036,3240,0,1554,1887,2892,750,3306
37,2116,1233,2095,1115,3565,0,1557,1989,3038,491,4406
35,2116,2027,3904,1522,3437,0,362,891,2016,458,1694
35,2116,1309,2193,-1979,3480,0,561,1564,2440,676,3380
35,2116,1063,1668,-1052,3552,0,349,2286,3200,723,3737
35,6157,219,1508,-2384,3804,1,2421,1103,1248,695,632
35,2185,1226,2116,12854,3335,1,418,1376,2113,716,3087
37,5146,3239,5320,6015,3468,3,2506,857,2725,494,1572
35,2116,589,1111,-2490,3649,0,1079,1429,1789,686,1606
35,2116,1701,2927,15946,3099,0,2741,1227,2242,626,2166
35,2116,2641,3904,-1806,3495,0,1372,1260,2871,693,2706
44,2185,1350,2315,11301,3239,1,3228,1508,2407,647,2716
40,2116,1905,3389,15786,3405,0,170,1193,2416,464,2243
33,2189,2103,3847,15377,2799,1,5289,938,2111,506,1743
33,2521,3394,4839,2310,3526,1,3592,1302,3415,751,1833
35,2116,1028,1760,12395,3434,0,1168,1972,2812,563,3801
33,2190,2479,4142,15766,2747,3,5060,1084,2596,500,2078
35,2116,1040,2284,11092,3481,0,874,999,1586,461,1660
35,2116,1643,2611,-1836,3439,0,710,1614,2747,683,3051
35,2116,558,1166,-713,3594,0,450,1328,1678,535,1739
40,2185,858,1100,6446,3511,1,806,2696,3361,1351,4135
33,2449,2385,4103,15418,2772,1,5316,1047,2434,563,2002
42,2116,1781,3671,5413,3604,0,1188,942,2032,321,1940
42,2116,1129,2178,9295,3476,0,1147,1551,2410,358,3365
35,2116,630,1357,12804,3355,0,1074,1263,1658,476,1634
35,2116,1374,2274,-2603,3464,0,125,1792,2837,602,3389
35,2116,1708,3436,15598,3355,0,1015,930,1903,432,1639
42,2116,1245,1685,9559,3301,0,1800,2024,2839,1148,3210
33,2189,2371,4220,13635,2877,1,5377,911,2228,511,1471
35,2116,2018,3814,16041,3247,0,1307,1036,2290,389,1793
45,2116,972,2487,15774,3301,0,1603,787,1307,358,1211
47,2116,728,1517,-2314,3621,0,969,1253,1699,518,1837
35,2116,2200,4066,695,3313,0,712,959,2254,431,2227
42,2116,1231,2295,9870,3513,0,1216,1502,2388,454,2823
42,2116,1258,1923,16005,3230,0,1781,1870,2760,838,2910
35,2116,1286,3315,15732,3347,0,650,753,1467,293,2066
47,2185,1205,1548,7511,3364,1,2151,2627,3577,1271,3748
35,2116,3423,6858,-103,3456,0,1001,424,2231,214,705
33,2120,1298,2317,15755,2858,1,4478,1379,2201,612,2416
33,2120,1246,2242,15317,2824,1,5247,1441,2275,560,2649
35,2116,1793,3465,3399,3494,0,454,1045,2123,445,2044
47,2116,895,1674,2698,3580,0,397,1393,1947,640,1872
40,2116,2399,4414,16258,3386,0,201,904,2333,374,1824
42,2116,1270,2392,15766,3170,0,2676,1333,2171,490,2810
35,2116,2928,4689,-1773,3543,0,1651,982,2713,508,2032
44,2185,1576,2405,14642,2921,1,4767,1664,2693,833,2706
35,2116,4138,6134,-1800,3571,0,1876,755,3148,427,1504
40,2261,1450,1951,9183,3288,1,4344,2281,3385,1074,3567
35,2116,1331,2428,13508,3355,0,991,1396,2288,521,2664
47,2185,482,867,2007,3476,1,867,1532,1822,806,1569
33,2120,2600,4395,15673,2737,1,5229,1019,2587,471,1823
44,2185,1682,3516,10887,3057,1,3472,880,1816,427,1721
35,2185,1352,2397,-1282,3490,1,346,1488,2412,558,2493
35,2116,1633,2769,15709,3429,0,292,1423,2513,578,2397
42,2116,939,1818,8252,3517,0,813,1386,1997,535,2188
35,2116,996,1693,-731,3575,0,546,1855,2601,682,2798
42,4164,502,949,6385,3500,0,1038,1430,1733,713,1807
33,34965,3810,6244,11023,3094,1,3037,737,3011,342,1295
37,2116,1828,3485,2349,3643,0,1293,1117,2307,366,2191
44,2185,1576,2698,9392,3190,1,4238,1443,2491,615,2612
35,2116,653,1128,-2332,3570,0,886,1661,2082,791,2168
42,2116,1391,2071,15977,3210,0,1884,1840,2803,878,3066
35,2116,1755,2761,16119,2956,0,3344,1504,2640,724,3165
37,2116,1176,1641,9320,3377,0,1233,2244,3124,1050,3553
35,2116,2700,4815,15806,3364,0,651,889,2513,364,1765
35,2116,1271,2485,14135,3337,0,587,1285,2127,430,2457
33,2190,1316,1869,13806,2954,3,4732,2073,3023,803,3734
42,2116,1184,2046,8600,3491,0,1029,1856,2811,507,3981
35,2116,2400,4178,14175,3356,0,1410,1054,2540,445,2116
45,2116,907,1850,15053,3313,0,1828,1196,1736,536,1907
35,2116,1810,3029,-1202,3524,0,562,1476,2743,538,2802
47,2116,642,1037,4017,3444,0,856,1818,2245,895,2400
35,2185,1842,3678,15598,2990,1,3889,950,2051,376,1875
35,2116,2784,5127,15989,3055,0,2972,783,2404,329,1484
35,2116,1121,1808,13552,3433,0,643,2072,2985,675,3597
33,2120,1480,2609,12563,3137,1,3922,1411,2392,572,2484
39,2261,1840,2692,6033,3386,1,4649,1635,2815,876,2647
35,2116,1644,3043,15081,3368,0,48,1211,2257,471,2655
47,2185,714,1333,3199,3461,1,725,1532,2003,630,1824
40,2185,2985,5286,-1594,3424,1,290,782,2532,340,1692
37,2116,1112,1948,3811,3528,0,1079,1946,2887,457,3828
35,2116,1127,1930,32,3478,0,323,1841,2716,573,3270
42,2116,1043,1770,13749,3300,0,759,1609,2280,800,2406
35,2116,860,1785,14612,3466,0,774,1277,1833,452,2001
47,2116,1649,3076,-425,3498,0,331,1152,2163,493,2159
45,2116,969,1427,14475,3292,0,1798,2300,3055,980,3525
45,2116,1115,2523,15671,3389,0,943,941,1570,410,1417
35,2116,1113,2272,12621,3472,0,893,1159,1837,477,1876
33,2120,1729,3111,15313,2925,1,4447,1267,2401,480,2366
40,2116,1147,2155,7622,3441,0,807,1294,1999,587,2467
42,2116,1441,2555,16187,3235,0,1492,1482,2493,513,2975
33,2189,2022,3457,15287,2804,1,5374,1106,2271,598,1944
35,2116,1089,2121,-2420,3609,0,739,1227,1872,575,1606
33,2120,1752,3368,15882,2824,1,4467,1017,2045,461,2030
33,2116,1287,2880,15728,3328,0,1377,893,1610,406,1673
45,2116,999,1406,-672,3526,0,1055,2493,3307,1052,4056
35,2116,1167,2173,15887,3448,0,986,1586,2445,470,3227
40,2116,774,1276,5655,3417,0,836,1697,2190,865,2173
40,2116,1998,3788,16013,3369,0,212,934,2076,450,1586
33,2189,2516,4650,15598,2745,1,5265,849,2301,385,1438
33,2189,1780,3155,15408,2810,1,5205,1206,2315,527,2315
37,2116,1200,1878,11064,3380,0,1333,1915,2797,784,3444
35,2116,2435,3931,-1814,3540,0,1444,1146,2644,555,2670
44,2185,1308,1929,143,3550,1,3129,2506,3694,749,4170
35,2116,1944,3479,16118,3279,0,1072,1200,2467,440,2323
33,2189,1593,2526,10358,3092,1,4405,1803,2981,703,3169
37,2116,1390,2608,864,3689,0,1610,1394,2376,410,3000
47,2185,1197,1496,12358,3175,1,3419,2692,3632,1349,3894
35,2116,671,1397,-436,3565,0,254,1363,1805,469,1967
35,2116,3583,5523,-2118,3469,0,554,875,3023,435,1508
37,2116,546,1065,10804,3525,0,1536,1485,1840,617,1774
35,2116,1224,2077,15228,3165,0,2104,1667,2535,627,3290
33,2120,1277,2281,16080,3098,0,2303,1442,2290,576,2976
35,2116,1670,3088,15689,3356,0,795,1220,2304,448,2341
42,2116,1213,1663,11067,3360,0,1278,2058,2878,1110,3254
47,2116,1200,2076,16146,3389,0,526,1718,2609,579,3166
35,2116,1344,2460,3424,3472,0,341,1365,2236,556,2413
47,2116,774,1080,5173,3484,0,303,2783,3464,1118,3877
35,2116,2340,4799,15780,3124,0,2693,701,1981,330,1396
42,2116,1149,2176,10560,3409,0,1281,1653,2557,365,3320
42,2185,1211,2463,16035,3269,1,1303,1161,1918,437,2477
40,2116,4481,7360,16293,3332,0,452,451,2966,217,920
42,2116,1257,2381,4006,3549,0,942,1110,1806,623,2000
37,2185,2122,3733,5448,3148,1,2465,1038,2237,572,1744
40,2116,2635,4950,15128,3345,0,493,746,2207,376,1195
44,6216,1047,2223,-28,3451,1,1724,522,1088,304,817
35,2116,1806,2751,15130,3182,0,1524,1800,2954,923,2080
42,2116,939,1818,8252,3517,0,813,1386,1997,535,2188
45,2116,910,1459,15721,3282,0,1773,1906,2554,824,2821
35,2116,898,1850,-2458,3629,0,709,1179,1714,520,1686
35,2116,4079,6611,14949,3343,0,926,628,3031,266,1120
40,2116,1627,2768,5278,3443,0,48,1474,2584,572,2753
35,2116,1619,3015,-308,3503,0,334,1186,2192,494,2210
40,2185,2974,5578,10848,3382,1,1012,677,2371,289,1296
35,2116,2782,4631,-1798,3543,0,1534,949,2588,461,2249
40,2116,1724,3706,12743,3432,0,706,840,1809,368,1832
42,2116,1326,2171,11321,3424,0,1477,1808,2789,649,3078
33,2066,1494,3082,15438,2856,3,4202,1131,1982,649,2000
35,2185,1190,2406,-977,3421,1,502,1109,1806,505,1757
35,2116,5258,8461,-783,3533,0,1439,258,3092,157,547
35,2116,1436,2283,-1447,3500,0,1023,1201,2095,617,1764
35,2116,2405,4275,15266,3394,0,750,979,2428,422,1394
35,2116,1116,1710,13679,3443,0,680,2097,2957,828,3423
39,2517,1550,2457,3577,3336,1,2417,1500,2444,886,2603
42,2116,1092,1993,10736,3453,0,1061,1751,2620,435,3384
45,2116,926,1988,15880,3269,0,1726,1068,1591,515,1396
37,2116,1301,2528,8721,3566,0,978,1292,2161,429,2581
33,2189,1938,3416,15496,2798,1,5142,1140,2317,527,1990
42,2116,1168,1612,6321,3417,0,1120,2252,3116,1085,3588
35,2116,1119,1961,15696,3418,0,409,1685,2509,564,3195
37,2116,1158,2271,2217,3530,0,823,1474,2339,336,3211
33,2120,1432,2289,9846,3114,1,4337,1842,2916,676,3352
35,2116,1655,3403,-2351,3400,0,220,887,1790,458,1411
39,2261,1947,2732,3120,3644,1,3435,1660,2908,917,2689
35,2116,1299,2406,15966,3191,0,1483,1409,2300,479,2852
33,2116,2853,5351,14332,3411,0,1100,722,2377,295,1498
35,2116,1266,2517,7111,3483,0,849,1181,1967,471,2223
45,2185,706,1367,13879,3327,1,2201,1368,1801,624,1812
40,2116,1762,3204,15602,3288,0,1077,1131,2187,532,2167
40,2116,2452,4875,15775,3348,0,768,742,2129,320,1343
33,2189,2539,4364,12425,2931,1,5220,953,2390,527,1590
35,2116,1328,2551,-566,3389,0,151,1072,1803,594,2334
35,2116,2622,4661,-161,3425,0,180,887,2383,443,1685
42,2185,1225,1727,15344,3240,1,1899,1977,2799,1050,3084
35,2116,1298,2653,1357,3569,0,1081,1157,1988,392,2673
35,2116,1445,2607,-506,3495,0,384,1394,2355,543,2689
35,2116,1229,2234,15752,3177,0,1560,1457,2290,538,3130
35,2116,3108,4955,-1363,3545,0,1583,957,2806,478,2066
45,2116,1813,3991,15503,3368,0,1283,748,1735,344,1331
35,2116,1767,3008,-1391,3525,0,544,1409,2610,535,2863
40,2185,926,1295,9580,3465,1,680,2569,3333,1083,4155
47,2116,994,1279,5736,3461,0,2241,2854,3684,1313,4400
40,2116,2686,5046,15964,3343,0,624,770,2334,318,1409
35,2116,1250,2660,15636,3431,0,220,986,1704,446,1679
40,2185,1029,1555,7919,3513,1,783,2127,2904,904,3423
35,2116,532,925,-2683,3551,0,94,2038,2445,723,2910
35,2116,3308,5995,12159,3413,0,36,641,2556,255,954
35,2116,2505,4375,-2522,3431,0,96,990,2478,451,1441
35,2116,4153,6372,7162,3433,0,1861,698,3133,359,1321
35,2116,1162,2111,13464,3454,0,666,1394,2132,613,2260
35,2116,2857,5511,15994,3051,0,2997,677,2322,259,1314
